{
  "lora": {
    "file": "results/lora_32b_results.json",
    "num_samples": 14,
    "scores": {
      "answer_relevancy": 0.5027389137486752,
      "faithfulness": 0.6821428571428572,
      "nv_context_relevance": 0.7321428571428571
    }
  },
  "base": {
    "file": "results/base_32b_results.json",
    "num_samples": 14,
    "scores": {
      "answer_relevancy": 0.516004225046273,
      "faithfulness": 0.6,
      "nv_context_relevance": 0.7857142857142857
    }
  }
}